age,tenure,spend,plan,churn
45,43,55.98,Basic,Retained
65,37,89.85,Standard,Retained
67,2,91.77,Premium,Retained
30,20,94.4,Premium,Churned
37,8,25.11,Basic,Churned
68,28,36.3,Basic,Churned
51,17,69.76,Standard,Churned
32,7,32.36,Basic,Churned
22,24,69.87,Standard,Retained
27,12,61.41,Standard,Retained
52,51,53.18,Basic,Retained
46,55,83.76,Standard,Retained
22,2,57.93,Standard,Churned
23,14,108.82,Premium,Retained
47,11,50.08,,Retained
,29,78.8,Standard,Retained
64,53,131.57,Premium,Retained
64,32,48.36,Basic,Retained
41,49,117.19,Premium,Churned
56,22,46.53,Basic,Churned
51,31,42.85,Basic,Churned
42,16,46.04,Basic,Retained
28,58,81.03,Standard,Retained
43,35,103.83,,Churned
58,20,55.85,Standard,Churned
67,10,32.26,Basic,Retained
65,46,33.36,Basic,Retained
39,20,48.37,Basic,Churned
35,16,103.76,,Churned
72,63,95.92,Standard,Retained
53,61,85.16,Standard,Retained
25,32,77.49,Standard,Retained
45,7,76.68,Standard,Retained
69,26,69.81,,Retained
44,23,73.45,Standard,Retained
46,20,37.89,Basic,Retained
45,4,,Basic,Retained
54,32,63.37,Standard,Churned
54,42,73.2,Standard,Retained
67,6,22.9,Basic,Churned
52,12,109.15,Premium,Retained
66,40,30.98,Basic,Retained
25,70,140.31,Premium,Retained
44,66,126.7,Premium,Churned
44,50,83.24,Standard,Churned
26,9,99.06,Premium,Churned
41,42,122.49,Premium,Retained
65,16,121.96,Premium,Retained
67,36,79.98,Standard,Retained
69,61,122.06,Premium,Retained
46,62,79.66,Standard,Retained
57,21,98.13,Premium,Churned
22,36,78.25,Standard,Retained
37,38,56.05,Basic,Churned
37,40,52.98,Basic,Retained
44,30,64.54,Standard,Retained
59,58,86.06,Standard,Churned
60,48,63.9,Basic,Retained
65,12,55.66,Standard,Retained
24,16,62.32,Standard,Retained
26,71,140.31,Premium,Retained
69,3,21.48,Basic,Retained
38,58,110.4,Premium,Retained
71,12,115.04,Premium,Retained
71,69,84.72,Standard,Retained
58,12,108.27,Premium,Retained
53,21,66.57,Standard,Retained
38,35,78.65,Standard,Retained
36,68,69.18,Basic,Churned
38,42,118.56,Premium,Retained
32,17,110.59,Premium,Churned
52,11,39.58,Basic,Retained
28,46,98.08,Standard,Retained
25,19,119.64,Premium,Churned
31,9,23.13,Basic,Churned
34,38,47.59,Basic,Retained
47,64,78.56,Standard,Retained
69,39,46.32,Basic,Churned
49,20,21.74,Basic,Retained
41,30,44.07,Basic,Churned
55,38,58.94,Basic,Churned
21,66,68.96,Standard,Retained
50,55,114.24,Premium,Retained
27,55,46.83,Basic,Retained
56,13,28.84,Basic,Churned
42,52,53.01,Basic,Retained
50,38,58.04,Basic,Retained
33,45,50.72,Basic,Retained
61,22,31.15,Basic,Retained
24,61,68.06,Basic,Retained
71,54,56.56,Basic,Churned
48,15,43.91,Basic,Retained
69,3,31.8,Basic,Retained
72,67,59.21,Basic,Retained
50,44,110.59,Premium,Retained
57,27,54.22,Basic,Retained
46,2,97.43,Premium,Churned
66,66,118.19,Premium,Retained
46,7,70.82,Standard,Churned
63,25,76.37,Standard,Retained
32,14,86.72,Standard,Retained
31,7,93.77,Premium,Churned
23,69,55.35,Basic,Retained
71,34,45.14,Basic,Churned
38,58,61.45,Basic,Retained
49,1,26.26,Basic,Churned
62,66,83.52,Standard,Churned
65,70,63.74,Basic,Retained
65,58,87.07,Standard,Retained
35,58,88.33,Standard,Retained
31,65,60.11,Basic,Churned
30,28,81.51,Standard,Churned
37,37,78.09,Standard,Retained
32,43,96.29,Standard,Retained
40,54,46.59,Basic,Retained
64,71,91.39,Standard,Retained
60,35,122.3,Premium,Retained
22,34,67.17,Standard,Retained
53,42,48.1,Basic,Retained
26,46,,Standard,Retained
72,8,113.29,Premium,Retained
46,35,103.1,Premium,Churned
57,22,94.39,Premium,Retained
39,57,81.45,Standard,Retained
38,3,98.65,Premium,Retained
66,57,68.94,Standard,Retained
21,72,144.83,Premium,Retained
24,14,73.59,Standard,Churned
61,17,106.13,Premium,Retained
34,27,75.58,Standard,Retained
49,14,49.16,Basic,Churned
36,54,111.28,Premium,Retained
56,49,51.76,Basic,Retained
58,28,73.84,Standard,Churned
46,47,126.59,Premium,Retained
44,12,35.46,Basic,Churned
23,54,41.37,Basic,Churned
38,72,131.71,Premium,Retained
51,51,116.6,Premium,Churned
61,55,55.7,Basic,Retained
35,27,67.68,Standard,Retained
49,30,74.0,Standard,Retained
45,59,117.34,Premium,Retained
72,23,,Standard,Retained
,12,64.6,Standard,Retained
55,53,128.34,Premium,Retained
63,17,57.48,Standard,Churned
63,38,79.81,,Retained
71,53,63.41,Basic,Retained
66,2,56.21,Standard,Churned
33,17,27.39,Basic,Retained
71,53,58.43,Basic,Retained
32,39,117.89,Premium,Retained
34,61,81.56,Standard,Retained
72,2,25.37,Basic,Retained
69,23,126.22,Premium,Retained
,16,28.37,Basic,Retained
50,52,,Basic,Retained
59,64,,Standard,Retained
50,58,126.63,Premium,Churned
49,59,42.38,Basic,Retained
34,2,20.3,Basic,Retained
58,53,120.49,,Retained
61,72,135.76,Premium,Churned
26,43,86.56,Standard,Churned
56,40,131.82,Premium,Churned
35,37,66.8,Standard,Retained
39,27,71.19,Standard,Retained
59,46,65.48,Standard,Churned
22,60,124.74,Premium,Churned
37,12,45.94,Basic,Churned
29,3,,Basic,Churned
54,69,59.11,Basic,Retained
45,54,77.76,Standard,Churned
53,15,101.65,Premium,Retained
22,24,44.87,Basic,Retained
24,7,71.76,Standard,Churned
26,14,55.86,Standard,Retained
34,5,66.78,Standard,Churned
56,24,62.54,Standard,Churned
27,54,85.82,Standard,Retained
55,33,43.77,Basic,Churned
39,42,74.45,Standard,Churned
32,72,58.43,Basic,Retained
64,10,61.8,Standard,Churned
60,15,69.87,Standard,Retained
54,43,117.11,Premium,Retained
30,12,66.39,Standard,Retained
68,59,79.94,Standard,Retained
55,54,74.87,Standard,Churned
72,29,106.12,Premium,Churned
49,59,82.38,Standard,Retained
37,69,65.1,Basic,Retained
38,63,96.78,Standard,Retained
47,49,114.56,Premium,Churned
69,55,104.23,Premium,Churned
60,68,52.34,Basic,Retained
58,57,91.01,Standard,Retained
67,5,66.56,Standard,Churned
59,28,75.42,Standard,Retained
36,35,51.17,Basic,Churned
45,43,44.21,Basic,Retained
55,22,103.01,Premium,Retained
30,24,32.48,Basic,Churned
70,20,41.06,Basic,Retained
25,4,38.28,Basic,Churned
49,25,115.77,Premium,Retained
41,4,60.48,Standard,Retained
62,69,53.94,Basic,Retained
40,35,76.33,Standard,Retained
26,8,28.28,Basic,Churned
68,56,78.32,Standard,Retained
25,57,83.26,Standard,Retained
60,11,36.41,Basic,Churned
70,15,110.73,Premium,Retained
,29,51.14,Basic,Churned
27,19,35.81,Basic,Churned
37,64,81.78,Standard,Retained
36,65,95.76,Standard,Retained
65,9,59.96,Standard,Retained
44,15,70.9,Standard,Retained
41,69,125.22,Premium,Retained
65,21,36.43,Basic,Retained
28,39,36.24,Basic,Retained
47,60,125.24,Premium,Retained
46,65,53.76,Basic,Retained
38,44,78.42,Standard,Retained
47,58,113.86,Premium,Retained
53,69,128.61,Premium,Retained
39,58,62.64,Basic,Retained
41,1,65.64,Standard,Churned
35,18,,Standard,Retained
,67,,Standard,Retained
63,37,56.46,Standard,Retained
33,49,124.08,Premium,Retained
66,36,112.25,Premium,Retained
69,1,70.86,Standard,Retained
49,66,34.42,Basic,Retained
60,35,112.6,Premium,Retained
43,50,52.05,Basic,Churned
32,47,69.57,Standard,Retained
62,68,91.25,Standard,Retained
34,70,127.18,Premium,Retained
59,4,64.32,Standard,Churned
46,61,82.77,Standard,Churned
60,24,67.82,Standard,Retained
47,28,77.39,Standard,Retained
68,5,30.79,Basic,Churned
34,66,85.78,Standard,Retained
71,67,55.83,Basic,Retained
63,41,72.92,Standard,Churned
60,44,73.46,Standard,Churned
34,59,88.39,Standard,Retained
54,48,115.8,Premium,Retained
58,17,86.21,Premium,Retained
34,66,83.56,Standard,Churned
54,39,63.76,Standard,Retained
67,9,51.89,Standard,Retained
52,58,85.38,Standard,Churned
47,25,39.19,Basic,Churned
24,2,58.54,Standard,Churned
61,9,39.97,Basic,Churned
39,27,105.8,Premium,Retained
28,46,66.59,Basic,Retained
52,13,105.84,Premium,Churned
66,41,40.45,Basic,Retained
35,26,33.02,Basic,Retained
,67,75.62,Standard,Churned
49,44,44.76,Basic,Churned
45,53,120.89,,Retained
31,42,75.46,Standard,Retained
45,54,80.34,Standard,Retained
21,56,111.61,Premium,Churned
57,14,33.33,Basic,Churned
55,24,68.62,Standard,Retained
40,18,31.78,Basic,Churned
24,16,38.89,Basic,Churned
35,53,116.62,Premium,Churned
71,46,46.56,Basic,Retained
52,11,,Basic,Churned
46,71,114.48,Premium,Retained
41,67,140.14,Premium,Retained
39,11,84.84,Premium,Retained
27,37,107.25,Premium,Churned
45,12,68.43,Standard,Churned
61,54,82.05,Standard,Churned
23,30,113.03,Premium,Retained
62,5,37.49,Basic,Churned
35,21,73.94,Standard,Retained
63,12,60.91,Standard,Retained
35,32,74.56,Standard,Retained
28,62,74.93,Standard,Retained
21,53,63.52,Basic,Churned
22,51,73.33,Standard,Retained
56,35,36.38,Basic,Retained
45,19,82.01,Standard,Churned
63,28,100.74,Premium,Retained
44,28,66.51,Standard,Retained
63,1,,Standard,Retained
22,40,,Premium,Retained
71,70,91.15,Standard,Retained
70,43,51.3,Basic,Retained
42,15,70.13,Standard,Retained
61,26,116.78,Premium,Retained
65,4,56.18,Standard,Retained
71,11,64.56,Standard,Churned
66,42,122.43,Premium,Retained
,13,114.3,Premium,Churned
50,71,85.47,Standard,Retained
46,39,46.38,Basic,Retained
65,31,65.3,Standard,Retained
55,43,95.0,Standard,Retained
27,46,123.3,Premium,Retained
55,38,65.7,Standard,Churned
45,67,89.67,Standard,Retained
32,26,70.6,Standard,Retained
24,72,78.28,Standard,Retained
23,71,82.32,Standard,Retained
35,20,74.26,Standard,Retained
70,30,114.52,Premium,Churned
27,23,65.83,Standard,Churned
21,64,85.24,Standard,Retained
44,66,63.89,Basic,Churned
39,64,124.49,Premium,Retained
36,34,110.92,Premium,Retained
53,36,86.2,Standard,Retained
,32,70.5,Standard,Churned
27,43,82.68,Standard,Retained
27,72,124.95,Premium,Retained
37,17,36.32,Basic,Retained
21,31,36.05,Basic,Retained
51,15,64.96,Standard,Churned
50,23,42.82,Basic,Retained
68,70,49.78,Basic,Retained
34,15,64.52,Standard,Retained
33,49,113.11,Premium,Churned
41,21,68.59,Standard,Retained
58,52,135.73,Premium,Retained
58,34,80.41,Standard,Churned
51,49,84.07,Standard,Retained
34,24,112.45,Premium,Retained
48,59,132.69,Premium,Retained
31,72,131.74,Premium,Retained
54,25,45.61,Basic,Churned
55,48,136.74,Premium,Retained
61,1,33.81,Basic,Churned
67,34,108.09,Premium,Retained
56,11,67.07,Standard,Retained
38,66,55.92,Basic,Retained
63,48,95.45,Premium,Retained
34,50,57.7,Basic,Retained
29,7,,Premium,Retained
40,42,38.21,Basic,Retained
36,10,35.02,Basic,Retained
30,40,112.68,Premium,Retained
70,70,92.83,Standard,Retained
33,27,33.38,Basic,Churned
65,30,42.34,Basic,Retained
65,59,132.7,Premium,Retained
63,26,54.69,Basic,Churned
49,33,54.31,Basic,Retained
43,35,61.3,Standard,Retained
71,26,69.43,Standard,Retained
34,1,53.4,Standard,Retained
27,64,70.22,Basic,Retained
65,3,102.9,Premium,Retained
21,62,46.61,Basic,Retained
55,3,36.2,Standard,Churned
40,35,,Standard,Retained
49,71,83.09,Standard,Retained
41,58,76.9,Standard,Retained
51,13,44.54,Basic,Retained
28,6,63.03,Standard,Retained
67,10,34.41,Basic,Churned
60,64,68.11,Basic,Retained
58,68,90.45,Standard,Retained
36,8,36.73,Basic,Retained
52,45,64.43,Standard,Retained
29,43,72.62,Standard,Retained
58,31,46.64,Basic,Retained
36,35,115.02,Premium,Retained
67,12,101.48,Premium,Retained
33,31,49.19,Basic,Retained
55,6,39.91,Basic,Retained
,34,103.44,Premium,Retained
64,60,60.35,Basic,Retained
48,38,124.41,,Retained
39,22,77.28,Standard,Churned
27,53,78.59,Standard,Retained
50,45,88.61,Standard,Retained
,7,45.18,Basic,Churned
62,1,109.9,Premium,Churned
51,15,109.38,Premium,Retained
49,16,61.63,Standard,Churned
68,28,49.03,Basic,Retained
61,36,74.06,Standard,Retained
36,57,76.08,Standard,Retained
57,23,92.51,Premium,Churned
23,30,49.23,Basic,Retained
29,39,59.36,Basic,Retained
24,14,72.86,Standard,Retained
33,54,89.56,Standard,Retained
67,27,84.65,Standard,Retained
21,24,64.36,Standard,Retained
43,57,123.12,Premium,Retained
53,29,37.21,Basic,Retained
40,39,69.88,Standard,Retained
27,18,65.15,Standard,Retained
40,40,67.38,Standard,Churned
26,12,33.43,Basic,Retained
36,55,83.87,Standard,Retained
36,11,55.55,Standard,Churned
29,51,72.82,Standard,Retained
60,30,116.92,Premium,Churned
58,55,53.16,Basic,Retained
66,39,75.52,Standard,Churned
72,59,75.38,Standard,Retained
56,51,108.28,Premium,Retained
70,23,64.33,Standard,Retained
71,1,25.95,Basic,Churned
25,44,81.18,Standard,Retained
27,45,89.5,Standard,Retained
22,1,96.98,Premium,Retained
71,42,107.22,Premium,Churned
60,57,89.47,Standard,Retained
70,21,114.64,Premium,Retained
45,27,56.05,Standard,Retained
21,29,117.1,Premium,Retained
49,40,51.8,Standard,Retained
36,59,115.49,Premium,Retained
49,11,58.06,Standard,Retained
26,23,,Premium,Retained
24,20,104.83,Premium,Retained
46,17,71.79,Standard,Churned
53,65,67.85,Standard,Retained
51,46,115.71,Premium,Retained
21,72,105.49,Standard,Retained
71,34,64.98,Standard,Retained
71,28,70.04,Standard,Retained
51,30,103.56,Premium,Retained
46,21,61.31,Standard,Churned
35,56,53.38,Basic,Retained
31,23,67.34,Standard,Retained
59,40,36.64,Basic,Retained
64,12,41.44,Basic,Churned
45,66,92.03,Standard,Retained
28,70,126.32,Premium,Retained
71,51,34.19,Basic,Retained
60,7,70.4,Standard,Churned
54,33,112.78,Premium,Retained
30,39,70.88,Standard,Retained
23,9,35.92,Basic,Churned
44,66,85.95,Standard,Retained
30,44,56.82,Basic,Retained
51,35,52.8,Basic,Retained
69,54,58.88,Basic,Retained
43,24,72.47,Standard,Retained
34,1,62.79,Standard,Retained
47,1,94.68,Premium,Retained
47,35,,Standard,Retained
50,49,52.58,Basic,Churned
43,62,122.85,Premium,Retained
31,23,32.68,Basic,Retained
64,57,56.77,Basic,Retained
45,52,118.92,Premium,Retained
37,22,37.97,Basic,Retained
46,16,64.76,Standard,Retained
49,66,131.15,Premium,Retained
33,59,42.76,Basic,Retained
43,25,68.17,Standard,Retained
55,22,,Basic,Churned
46,20,31.92,Basic,Retained
61,24,64.6,Standard,Retained
32,69,133.75,Premium,Retained
51,64,127.99,Premium,Retained
30,22,73.02,Standard,Retained
64,70,76.08,Standard,Retained
28,14,75.18,Standard,Churned
63,22,19.26,Basic,Retained
47,42,118.09,Premium,Churned
45,43,55.98,Basic,Retained
65,37,89.85,Standard,Retained
67,2,91.77,Premium,Retained
30,20,94.4,Premium,Churned
37,8,25.11,Basic,Churned
68,28,36.3,Basic,Churned
51,17,69.76,Standard,Churned
32,7,32.36,Basic,Churned
